Module,Module Theme (This will be broken into submodules and only submodules name would be there),Duration (months),Duration (Weeks),Core/ Elective/ Optional,Sub module name (Will reflect on learners dashboard),Why learn this,Topics Covered,For design team,,,
Module 1,Data Foundations,1,4 weeks,Core,Data Foundations,"Mastering data analysis and visualization using NumPy, Pandas, and foundational probability equips you to explore, clean, and interpret data effectively—skills that are essential for any data-driven role in today’s AI-powered world.",Numpy / Pandas,,,,
,,,,,,,Data frames,,,,
,,,,,,,EDA,,,,
,,,,,,,Data Plotting and visualisation basics,,,,
,,,,,,,Probability Foundations,,,,
Module 2,"ML Coding (Applied AI-ML)
",5,6 weeks,Core,ML Coding:  Supervised Learning,"Master the two pillars of machine learning—regression and classification. From predicting prices and trends to detecting spam and diagnosing diseases, you’ll learn to build accurate, production-ready models using foundational, ensemble, and scikit-learn pipeline techniques—skills that are essential for real-world ML systems and top interview performance.","Linear Regression, regression metrics and Sklearn pipelines",Topics to pick up,,,
,,,,,,,Logistic Regression,Machine Learning,,,
,,,,,,,Classification Metrics,Deep Learning,,,
,,,,,,,KNN,Open CV,,,
,,,,,,,Decision Trees,NLP,,,
,,,,,,,Bagging & Boosting,,,,
,,,,,,,Naive Bayes,,,,
,,,4 weeks,Core,"ML Coding: Unsupervised Learning, Time series & Recommender Systems","Unsupervised learning, time series forecasting, and recommendation systems unlock the ability to uncover hidden patterns, detect anomalies, predict future trends, and deliver personalized experiences. From customer segmentation and fraud detection to sales forecasting and product recommendations, you’ll learn techniques that power real-world applications in finance, e-commerce, and product analytics—giving you a strong edge in both exploratory and AI-driven tasks.",Clustering,,,,
,,,,,,,"Anomlay Detection, GMM",,,,
,,,,,,,Dimensionality Reduction,,,,
,,,,,,,Time series pre-processing and decomopisiton,,,,
,,,,,,,Time series analysis,,,,
,,,,,,,Collobrative filtering & ARM,,,,
,,,,,,,Content based filtering,,,,
,,,3 weeks,Core,MLCoding: Neural Networks,Neural networks form the foundation of modern AI—from image recognition to language models. Learning how to build and optimize them helps you unlock the power of deep learning and prepares you for cutting-edge roles in tech and AI.,"Neural Networks, Optimizers, Loss function, activation functions, weight intialization, regularization",,,,
,,,7 weeks,Core,MLCoding: Computer Vision and Natural Language Processing,"Computer vision and natural language processing (NLP) are transforming how machines perceive and interact with the world—from facial recognition and medical imaging to chatbots, search engines, and large language models like GPT. In this module, you’ll master practical deep learning techniques and tools to build advanced vision systems and intelligent, language-aware applications—empowering you to solve complex, real-world problems at the cutting edge of AI.",OpenCV,,,,
,,,,,,,"Applied Deep Learning (CNNs, LSTM, GRU, Autoencoders, etc)",,,,
,,,,,,,Transfer Learning,,,,
,,,,,,,"Advance Computer Vision - Image gen, Face detection / recognition, segmentation",,,,
,,,,,,,"Text Pre-Processing (NLTK/spaCy), topic modelling, Sentiment Analysis",,,,
,,,,,,,"LSTM, RNN, Attention",,,,
,,,,,,,Advanced NLP - Transformers / GPT,,,,
,ML & Gen AI Engineering,7,8 weeks,Core,MLOPS,"MLOps bridges the gap between model development and real-world deployment—ensuring your ML solutions are scalable, reproducible, and reliable. This module teaches you how to productionize ML with tools like Docker, MLflow, and AWS SageMaker, making you industry-ready for end-to-end AI systems.",ML lifecycle,,,,
,,,,,,,CI/CD pipelines,,,,
,,,,,,,Feature Stores for ML,,,,
,,,,,,,Serving ML Models,,,,
,,,,,,,"ML Monitoring, Experiment tracking, ML flow, Docker, Optuna",,,,
,,,,,,,AWS Sagemaker,,,,
,,,4 weeks,Core,System Design,"Knowing how to build scalable, efficient, and cost-effective ML systems is crucial for delivering real-world AI products. This module equips you with the fundamentals of ML system design, microservices, and architectural patterns—skills highly valued in top tech roles.",ML System Design fundamentals,,,,
,,,,,,,Microservices,,,,
,,,,,,,Design Patterns,,,,
,,,,,,,Scalability and Cost,,,,
Module 3,,,4 weeks,Core,Foundations of AI Engineering & RAG Systems,"Moving beyond basic APIs, this module teaches you to build robust, hallucination-free AI apps grounded in proprietary enterprise data. Mastering asynchronous Python, data validation, and Retrieval-Augmented Generation (RAG) prepares you to deliver reliable, production-grade AI solutions for scaling tech businesses.","Prompt Engineering, Jailbreaks, and Guardrails",,,,
,,,,,,,"RAG Systems, Vector Databases, and Embeddings",,,,
,,,4 Weeks,Core,Agentic Design Patterns & Multi-Agent Orchestration,"Static chatbots are obsolete; autonomous AI workers are the industry standard. You will learn to design intelligent, multi-agent swarms using frameworks like LangGraph, CrewAI, and Microsoft Autogen that can reason, plan, use web tools, and independently execute complex workflows.","LangChain, LangGraph",,,,
,,,,,,,"Memory Systems (Short-term, Long-term, Episodic), ",,,,
,,,3 Weeks,Core,Advanced Cognitive Architectures & Multimodal Intelligence,"Real-world business data is messy and diverse. This module equips you to process complex financial PDFs, vision, and real-time audio. By mastering advanced techniques like GraphRAG and algorithmic prompt optimization with DSPy, you can build sophisticated, multimodal AI architectures that solve complex operational challenges.","Agentic RAG, GraphRAG",,,,
,,,,,,,"Multimodal AI (Vision with GPT-4V/LLaVA, Audio with Whisper)",,,,
,,,5 Weeks,Core,"Fine tuning, LLMOPS and Security","Scaling AI securely and cost-effectively is the ultimate engineering hurdle. You will learn to fine-tune open-source models using LoRA to cut dependency on expensive APIs, serve them efficiently with vLLM, and deploy them on Kubernetes with strict enterprise security guardrails.",Parameter-Efficient Fine-Tuning (PEFT) & LoRA,,,,
,,,,,,,"Serving LLMs (vLLM, TGI, Quantization) and Token Economics, LLMOPS",,,,
Module 4,"Advanced ML, Advanced Deep Learning, Advanced NLP",2,4 weeks," Elective (Learners will have the option to continue in the course. If they wish to gain deeper understanding, they can choose to pursue further.)",Advanced Machine Learning and Deep Learning 1,"A deep mathematical grasp of probability, statistics, optimization, and ML theory lets you go beyond simply using tools—enabling you to debug, improve, and innovate models from first principles. By mastering the mathematical foundations of core algorithms and statistical learning theory, you’ll sharpen your ability to analyze model behavior, derive algorithms from scratch, and tackle complex ML problems—skills that are invaluable for research roles and success in advanced ML interviews.",Prob and Stats,,,,Case Studies
,,,,,,,Math for ML,,,,
,,,,,,,"Optimisation Theory, Loss Functions",,,,
,,,,,,,Linear Models,,,,
,,,,,,,Logistic Regression,,,,
,,,,,,,Decision Tree and Forests,,,,
,,,,,,,Support Vector Machines,,,,
,,,,,,,Clustering,,,,
,,,,,,,Dimensionality Reduction,,,,
,,,,,,,Statistical Learning Theory,,,,
,,,4 weeks,,Advanced Machine Learning and Deep Learning 2,"Diving deep into the mathematics and inner workings of neural networks—from backpropagation to interpretability—equips you to debug, fine-tune, and trust deep learning models at a fundamental level. You’ll also explore the theory behind transformers and attention mechanisms, the backbone of modern NLP models like BERT and GPT, enabling you to build, optimize, and innovate state-of-the-art language systems for both real-world impact and research-grade applications.",Neural Networks,,,,
,,,,,,,Model Interpretability,,,,
,,,,,,,Backpropagation,,,,
,,,,,,,Advanced NLP - Transformers / GPT,,,,
,,,,,,,Attention Mechanisms,,,,
,DSA,4-6,~6 months,Optional,DSA for Professionals,Strong DSA skills are the foundation of efficient problem-solving and are critical for cracking technical interviews at top companies. This module builds your algorithmic thinking and coding proficiency—enabling you to design optimal solutions across a wide range of real-world and interview problems.,Time and Space Complexity Analysis,,,,
,,,,,,,"Array Problem Solving Patterns (Prefix, Sliding Windows, Subarrays, Subsets, Subsequences)",,,,
,,,,,,,Bit Manipulation,,,,
,,,,,,,Maths for Problem Solving,,,,
,,,,,,,Recursion,,,,
,,,,,,,Backtracking,,,,
,,,,,,,Sorting,,,,
,,,,,,,Searching (Binary Search),,,,
,,,,,,,Two Pointers,,,,
,,,,,,,Hashing,,,,
,,,,,,,"String Problem Solving Patterns, String Pattern Matching",,,,
,,,,,,,Linked Lists,,,,
,,,,,,,Stacks,,,,
,,,,,,,Queues and Deques,,,,
,,,,,,,Trees and BST,,,,
,,,,,,,Tries,,,,
,,,,,,,Heaps,,,,
,,,,,,,Greedy,,,,
,,,,,,,Dynamic Programming,,,,
,,,,,,,Graphs,,,,
Module 5,"Advanced AI Engineering by CEC, IIT Roorkee",,,,,,Campus Immersion,,,,
,,,,,,,AI in Healthcare,,,,
,,,,,,,LLMs for Productivity in Job,,,,
,Big data (Recorded),1,"4 weeks

",Elective,,"Learn how to process and analyze massive datasets using Hadoop and Apache Spark. Master distributed data processing, real-time streaming, machine learning on Big Data, and data visualization with industry tools like Hive, Kafka, Tableau, and AWS QuickSight. Build practical skills to become a proficient Data Engineer.","- Hadoop & HDFS
- Spark (RDDs, DataFrames, Spark SQL)
- Spark Streaming & MLlib
- Hive & Kafka Integration
- Data Visualization (Tableau, AWS QuickSight)",,,,
,Reinforcement learning (Recorded),1,"4 weeks


",Elective,,"Master the fundamentals and advanced techniques of Reinforcement Learning, from solving MDPs with Dynamic Programming to model-free methods like Q-Learning and Policy Gradients. Explore state-of-the-art algorithms (PPO, SAC, TD3), model-based approaches, imitation learning, and real-world applications in multi-agent systems and robotics. Build practical skills to develop intelligent agents.","- Markov Decision Processes (MDPs)
- Dynamic Programming (Value & Policy Iteration)
- Q-Learning & DQN
- Policy Gradients & Actor-Critic
- PPO, SAC, TD3
- Imitation Learning & Multi-Agent RL",,,,
,,,,,,,,,,,
,AI for non coders,,,,,,,,,,
,,8,32,,Module 1: AI Productivity Basics,"Most professionals spend a significant portion of their day on tasks that are repetitive, formulaic, or simply time-consuming — writing status updates, summarising meeting notes, researching before a call. This module helps you reclaim that time. You will learn how to set up AI tools that genuinely understand your role and context, so that the mundane parts of your job get handled faster and your energy goes toward work that actually requires your judgment.","● Personal Assistant
• What an AI assistant actually is vs a basic chatbot
• Setting up Claude Projects with custom instructions and project knowledge
• Setting up Custom GPTs in ChatGPT for the same purpose
• Configuring your assistant with role context, priorities and tone of voice
• Voice/text to action-items workflows for messy meeting notes
• Saving reusable starter prompts inside your assistant
• Case study: How a PM at Razorpay automated their daily standup prep with a personal assistant

● Daily Work Tools
• Email tone rewriter with selectable modes (executive, warm, direct, apologetic)
• Weekly status report generator from raw bullet points
• Meeting agenda builder from a 2-line brief
• Saving each tool as a reusable prompt template
• Measuring time saved per week
• Case study: How a consulting team at Deloitte standardized AI-assisted status updates

● Smart Research
• Competitive intelligence brief generator workflow
• Pre-meeting research tool (who you're meeting + context → questions + background)
• Document and link summarization patterns
• Intro to Deep Research workflows: OpenAI Deep Research, Gemini Deep Research, Perplexity Deep Research
• How to write a research brief that produces a great deep research output
• When deep research wins vs when a single search is enough
• Case study: How a strategy consultant used Deep Research to produce a 30-page industry report in 2 hours",,,,
,,,,,Module 2: Documents & Knowledge,"Creating documents from scratch is slow, and finding information buried across wikis, folders, and inboxes is even slower. This module teaches you to turn rough ideas into polished documents in minutes, and to build a knowledge assistant that your entire team can use to get accurate answers instantly. Whether you are a team of five or five hundred, this changes how institutional knowledge flows.","● Instant Documents
• The '20 minutes to polished' philosophy
• AI PRD from a 3-sentence idea
• Executive strategy one-pager from bullet points
• Compelling job description from role title + responsibilities
• Document templates and reuse
• Quality check before sending
• Case study: How a product lead at Flipkart cut PRD writing time from 3 days to 2 hours

● Company Q&A Bot
• Why generic AI fails on your company-specific questions
• Uploading docs to NotebookLM and Claude Projects
• Secure document analysis basics: what stays private
• Building a custom Q&A bot for your team
• Handling sources and citations
• Sharing your bot with colleagues
• Case study: How a 50-person startup replaced their internal wiki with a NotebookLM-powered Q&A bot

● AI Research Stack
• Elicit: literature search and synthesis for research-heavy work
• Consensus: AI-powered scientific paper search
• NotebookLM Audio Overviews: turning your docs into podcast-style briefings
• Perplexity Spaces: persistent research workspaces
• SciSpace and ResearchRabbit for academic-style research
• When to use which research tool
• Case study: How a healthcare consulting firm used Elicit + Consensus for a regulatory landscape analysis",,,,
,,,,,Module 3: How AI Works,"You do not need to understand the engineering behind AI to use it well — but you do need accurate mental models of what it can and cannot do. This module gives you exactly that. You will learn why AI sometimes gets things wrong, how to evaluate the tools flooding the market, and how to protect yourself and your organisation from the kinds of mistakes that tend to be costly and embarrassing in professional settings.","● AI Mental Models
• How LLMs work in plain English (3 analogies, zero math)
• Tokens, context windows and why they matter
• What AI genuinely can't do (counting, exact math, recent events without search)
• The full AI capability menu: text, image gen, vision, voice, code, structured data
• The hype filter: distinguishing capability from marketing
• Case study: A CTO who approved a $500K AI project based on a demo that couldn't actually work — how to avoid this

● Tool Landscape
• Head-to-head: ChatGPT vs Claude vs Gemini on the same task
• Real differences in style, reasoning and writing
• Specialty tools: Perplexity, Mistral, DeepSeek, Grok
• The 5-question framework for evaluating any new AI tool in 30 minutes
• Tool fatigue and how to avoid it
• Case study: How Stripe's product team standardized on a 3-model evaluation process before adopting any new AI tool

● Hallucinations & RAG
• Why hallucinations happen (next-token prediction, pattern matching)
• The 3 most common hallucination patterns in business contexts
• RAG explained simply: giving AI access to your documents
• Memory systems: ChatGPT memory, Claude memory, Mem
• Personal AI output verification checklist
• Case study: A law firm that sent a brief with hallucinated case citations — the fallout and how to prevent it",,,,
,,,,,Module 4: Context Engineering,"The single biggest difference between professionals who get great results from AI and those who are disappointed by it is how they write their prompts. This module moves you from guesswork to method. You will learn a structured approach to crafting prompts that produce consistently high-quality outputs, and you will build a reusable library that compounds in value the longer you use it.","● Two Prompt Modes
• The shift from prompt engineering to context engineering as a discipline
• Explore mode: open, divergent, creative prompting for early thinking
• Build mode: precise, format-specified, constrained prompting for execution
• Recognizing which mode your task needs
• Switching modes mid-conversation
• Case study: How a product strategist at Google uses explore mode for ideation and build mode for spec writing

● Prompt Anatomy
• The 4-part structure: Context, Instruction, Format, Constraints
• Why each part matters and what happens when you skip one
• Live before/after rewrites of 5 common business prompts
• The role of system prompts vs user prompts
• Formatting tricks that improve outputs
• Case study: How a McKinsey team improved their AI research output quality by 3x with structured context engineering

● Prompt Library
• Why a personal prompt library compounds in value
• Organizing by use case vs by tool
• 5 core templates everyone needs
• Versioning your prompts as they evolve
• Sharing prompts within a team
• Case study: How a 200-person ops team at Infosys shared a prompt library that cut onboarding time by 40%",,,,
,,,,,Module 5: Voice & Speed,"Typing is a bottleneck that most people do not notice until they stop doing it. This module introduces voice-first workflows that let you think out loud, capture ideas at speed, and run entire meetings through an AI stack that handles notes, action items, and follow-ups automatically. For people who spend their days in back-to-back meetings, this module alone tends to be transformative.","● Voice Input
• Why voice beats typing for thinking
• Setting up Wispr Flow for system-wide voice input
• Brain dump → strategy doc workflow
• Voice memo → meeting prep converter
• Replacing typing with voice for one daily task
• Case study: How a founder replaced 90 minutes of daily writing with 20 minutes of voice input

● Voice Agents
• The shift from voice input to outbound voice agents
• Vapi: building voice agents that handle real calls
• Retell AI: alternative voice agent platform
• ElevenLabs Conversational AI for natural voices
• Use cases: support triage, sales qualification, appointment scheduling
• Production considerations: latency, interruption handling, fallbacks
• Case study: How Bland.ai's customers deployed voice agents for appointment booking — what worked, what didn't

● Meeting Intelligence
• The full meeting stack overview
• Pre-meeting research brief generator
• AI note-takers compared: Granola, Otter, Fireflies, Fathom
• Post-meeting processor: notes → decisions → action items → follow-up emails
• Privacy considerations for meeting recordings
• Case study: How a VP of Product at Freshworks saved 6 hours/week with an end-to-end meeting intelligence stack",,,,
,,,,,Module 6: Connected Workspace,"AI tools that operate in isolation are useful; AI tools that are connected to your actual work environment are powerful. This module shows you how to link AI to the tools you already use — your calendar, email, documents, and communication platforms — and how to build automations that run recurring workflows without any involvement from you.","● MCP Stack
• What MCP (Model Context Protocol) actually is
• MCP as the integration standard for AI in 2026
• Building your personal MCP stack: Drive, Gmail, Calendar, Slack, Notion, GitHub
• MCP marketplaces: Composio, Zapier MCP, Smithery
• MCP security basics: what each server actually sees
• Sandboxing and permissioning your MCP servers
• Case study: How a product team connected Claude to Linear, Slack and Notion via MCP and ran standups on autopilot

● Knowledge Assistant
• Going beyond a Q&A bot: a strategic advisor that knows your company
• Loading strategy docs, playbooks and FAQs
• Designing the 'strategic advisor' persona
• Designing the 'team onboarding' persona
• Updating the knowledge base over time
• Case study: How a Series B startup built an investor-relations bot that answered board members' questions between meetings

● Workflow Automation
• The Trigger → AI Action → Result pattern
• Zapier vs Make vs n8n: which to choose when
• Connecting AI to your existing SaaS stack
• Building automations that run while you sleep
• Monitoring and debugging automations
• Case study: How a D2C brand automated their entire customer review response workflow with Make + Claude",,,,
,,,,,Module 7: Data & Systems,"Data is one of the most underleveraged assets in most organisations, largely because accessing and interpreting it has always required specialist skills. This module removes that barrier. You will learn to have genuine conversations with your data, decompose complex projects into manageable AI-executable steps, and build a clear picture of which parts of your role are candidates for delegation.","● Talk To Data
• Why spreadsheets are the highest-leverage AI use case for non-engineers
• ChatGPT Advanced Data Analysis deep dive
• Claude analysis tool deep dive
• Julius for non-technical data science
• Claude for Excel and Shortcut for in-spreadsheet AI
• Asking the right questions of your data
• Generating charts and insights via conversation
• Case study: How an ops manager at Swiggy analyzed 6 months of delivery data in 30 minutes using ChatGPT ADA

● Task Decomposition
• The decomposition framework: Big Goal → Sub-tasks → Input/Output/Acceptance Criteria
• Identifying AI-executable steps vs human-judgment steps
• Thought Partner mode (AI helps you think) vs Executor mode (AI produces output)
• Practicing decomposition on a real complex project
• Running one decomposed step live
• Case study: How a transformation lead decomposed a 6-month ERP migration into AI-assisted and human-only workstreams

● Delegation Map
• The 3-Bucket Framework: Delegate, Augment, Keep Human
• What goes in each bucket and why
• Mapping your entire job to the framework
• Using the map as a roadmap for the rest of the course
• Case study: How a Head of Ops at a logistics company mapped 47 tasks and automated 19 of them within 2 months",,,,
,,,,,Module 8: Quality & Judgment,"Speed without quality is not progress. This module teaches you to bring the same rigour to AI-assisted work that you would bring to any professional output. You will build structured evaluation frameworks, learn to catch the most common AI failures before they leave your desk, and set up the tools that make email and calendar management something you no longer have to think about.","● Quality Scorecards
• The eval mindset: define 'good output' before you ask for it
• The 5-dimension scorecard: Accuracy, Completeness, Tone, Actionability, Risk
• Adapting the scorecard to your specific use case
• Applying the scorecard to real outputs
• Case study: How a content team at Zoho reduced AI-generated errors by 60% with a simple 5-point scorecard

● Failure Detection
• The 5 most common AI failures in professional settings
• Tech bug vs AI quality issue: how to tell them apart
• The 7-checkpoint pre-flight checklist
• When to escalate vs when to retry
• Case study: A consulting firm that sent a client report with hallucinated market data — the recovery and prevention playbook

● Inbox & Schedule
• AI-native email clients: Superhuman AI, Shortwave, Notion Mail
• Email triage, drafting and follow-up automation
• AI calendars: Motion, Reclaim, Cal.com AI
• Auto-scheduling and time-blocking with AI
• Inbox-to-action workflows
• Privacy considerations for AI email
• Case study: How a VP at PhonePe reclaimed 8 hours/week with Motion + Superhuman AI",,,,
,,,,,Module 9: AI Writing & Storytelling,"AI can produce a first draft quickly, but the difference between a draft and a piece of writing that actually lands lies in editing, voice, and narrative judgment. This module teaches you to use AI for the parts of writing where it genuinely helps — structure, speed, variation — while keeping your voice and editorial instincts firmly in control. The result is writing that is both faster and better.","● Long-Form Writing
• Why AI writing still needs a human editor — and how to be a great one
• Writing reports, memos, articles, proposals with AI
• Editing workflows: rough draft → structural edit → line edit → polish
• Tone control across 10+ styles (executive, empathetic, persuasive, neutral, technical)
• Maintaining your voice while using AI (voice documents as input)
• The 'AI wrote it' tells and how to eliminate them
• Case study: How a VP of Strategy at Mahindra uses Claude to draft board memos — the workflow, the edits, the final product

● Data Storytelling
• The difference between data analysis and data storytelling
• The 'so what?' framework: turning numbers into narrative
• Chart selection: when to use which visualization and why
• Executive summary writing: the 3-sentence structure that works
• Synthesizing multiple data sources into a coherent story
• Avoiding the 'wall of charts' anti-pattern
• Case study: How a product analyst at Paytm turned a 40-page data dump into a 5-slide narrative that got their feature funded

● AI Copywriting
• Marketing copy: headlines, landing pages, ad creative, social content
• Email sequences: cold outreach, nurture, re-engagement
• Brand voice documents as AI input
• A/B variant generation at scale
• SEO content workflows: keyword research → outline → draft → optimize
• Legal and compliance review of AI-generated copy
• Case study: How a D2C brand generated 200 product descriptions in a day — the workflow, the quality control, the results",,,,
,,,,,Module 10: AI for Strategic Analysis,"Strategic analysis — competitive intelligence, market sizing, due diligence — has always been constrained by the time it takes to gather and synthesise information. AI removes that constraint. This module shows you how to build systems that monitor competitors in real time, produce investor-grade market analyses in hours, and surface risk signals in documents that would otherwise take a team days to read.","● Competitive Intelligence
• Building AI-powered competitive analysis systems
• Real-time competitor monitoring workflows
• Market signal detection: pricing changes, hiring patterns, product launches
• Win/loss analysis with AI: turning CRM data into strategic insights
• Crayon and Klue overview for automated CI
• Building a CI brief template that updates monthly
• Case study: How a SaaS company detected a competitor's pivot 6 weeks before public announcement using AI monitoring

● Market Sizing
• AI-assisted TAM/SAM/SOM modeling
• Top-down vs bottom-up sizing with AI research
• Scenario analysis: best case, base case, worst case with AI
• What-if modeling for business cases
• Using AI to stress-test assumptions and find blind spots
• Presenting market sizing to investors and boards
• Case study: How a startup founder used Claude + Deep Research to build a TAM analysis that impressed a Tier 1 VC

● Due Diligence
• AI-powered company research for M&A, partnerships, vendor evaluation
• Financial document analysis: reading balance sheets and P&L with AI
• Risk signal detection in public filings and news
• Synthesizing 20+ sources into a due diligence memo
• Building a due diligence template with AI
• Red flags AI can catch that humans often miss
• Case study: How a PE firm used AI to analyze 150 portfolio company reports in a weekend — what they found and what they missed",,,,
,,,,,Module 11: Advanced Data & Dashboards,"The ability to build your own dashboards and query your own data is one of the highest-leverage skills a non-technical professional can develop. This module makes it accessible. You will go from raw data to live dashboards, write SQL queries in plain English, and set up reports that generate and distribute themselves — without waiting on a data team.","● Dashboard Building
• Why leaders need to build dashboards, not just read them
• Power BI Copilot: natural language to dashboard
• Tableau AI: Ask Data and Tableau Pulse
• Hex: the AI-native analytics notebook
• Connecting data sources without code
• Dashboard design principles: what to show, what to hide, what to highlight
• Case study: How an ops lead at Zepto built a real-time delivery performance dashboard using Power BI Copilot in one afternoon

● SQL Without Code
• What SQL is and why it matters (2-minute mental model)
• Using AI to write SQL queries in plain English
• Text2SQL tools: how they work and where they fail
• Connecting to databases safely
• Querying company data without bothering the data team
• Common pitfalls: wrong joins, missing filters, data leaks
• Case study: How a PM at Myntra started querying product analytics directly instead of waiting 3 days for a data request

● Automated Reporting
• Setting up reports that generate themselves weekly
• AI-triggered alerts: 'notify me when this metric changes by more than X%'
• Scheduled data pulls from multiple sources
• Connecting dashboards to Slack/email for auto-distribution
• The 'never build a manual report again' workflow
• Case study: How a finance team at Razorpay automated their weekly revenue report — saved 5 hours/week permanently",,,,
,,,,,Module 12: AI for Decision Making,"The quality of your decisions is ultimately what determines your impact. This module teaches you to use AI not as an answer machine, but as a structured thinking partner — one that helps you stress-test assumptions, model scenarios, and produce the kind of clear, evidence-based analysis that earns trust in boardrooms and leadership meetings.","● Decision Frameworks
• Using AI as a structured decision partner, not just an answer machine
• Pre-mortem analysis: asking AI 'how could this fail?'
• Assumption testing: 'what am I assuming that might be wrong?'
• Red team my strategy: getting AI to argue against your plan
• The AI-assisted RAPID framework for complex decisions
• When to trust AI judgment vs when to override it
• Case study: How a CPO at a fintech used Claude to run a pre-mortem on a product launch and caught a critical regulatory risk

● Scenario Modeling
• Building what-if models with AI instead of spreadsheet formulas
• Financial scenarios: 'what happens if revenue drops 20%?'
• Headcount planning: 'what if we hire 5 vs 10 vs 15?'
• Monte Carlo intuition without math: understanding probability ranges
• Sensitivity analysis: which assumptions matter most?
• Case study: How a CFO at a Series C startup used AI scenario modeling to decide between two acquisition targets

● Board-Ready Analysis
• The 1-page decision memo format that works at every level
• Turning AI research into executive-grade analysis
• Synthesizing multiple data sources into a single recommendation
• Presenting uncertainty honestly: confidence levels, risk ranges, known unknowns
• The 'what I'd need to see to change my mind' section
• Case study: How a transformation lead at TCS presented an AI investment recommendation to their board — the structure, the pushback, the outcome",,,,
,,,,,Module 13: Building Real Tools,"The fastest way to get an idea approved is to show it, not describe it. This module teaches you to build working prototypes using AI-powered visual builders — no engineering background required. You will go from a concept to something a real user can click through, in a single session. For anyone who has ever had a good idea stall because it needed an engineer to build it, this module changes the dynamic entirely.","● Build Stack
• The Demo > Memo philosophy
• Visual builders: Lovable, Bolt, v0
• Coding agents: Cursor (agent mode), Claude Code, Replit Agent
• Same idea, 5 builders, side-by-side comparison
• When each tool wins
• Picking your personal stack
• Case study: How a PM at Notion prototyped a feature in Lovable and got it greenlit before writing a single spec

● Briefing AI
• The AI PRD format: Goal, Users, User Flows, UI Description, Success Criteria, Constraints
• Mapping user flows in plain English before touching any tool
• Common spec mistakes that confuse AI builders
• Peer review of specs
• Case study: How Google's PM interview now tests whether candidates can brief Cursor from a problem statement

● Visual Builders Lab
• Live 2-hour build session with Lovable, Bolt and v0
• Reading errors and describing them back to AI
• Iteration patterns that work
• Sharing your build with a real user
• Case study: How a non-technical founder built and launched an MVP on Product Hunt using only Lovable",,,,
,,,,,Module 14: Coding Agents,"Coding agents represent a qualitative shift in what non-technical professionals can build. By briefing an agent in plain English, you can produce internal tools, data pipelines, and custom applications that would previously have required months of engineering time. This module teaches you how to direct, monitor, and course-correct these agents so that you get to a working result reliably.","● Coding Agents Lab
• Why Claude Code and Cursor agent mode are the most powerful tools for non-coders today
• Briefing a coding agent in plain English
• Reading what an agent is doing without understanding the code
• Mid-build course correction
• The 5 vibe coding traps as live guardrails (building too much, not testing, changing too many things, not resetting, polishing before testing)
• When to stop
• Case study: How a product manager at Figma uses Cursor agent mode to prototype features before involving engineering

● Design & Branding
• Why AI defaults to generic design
• Brand brief as AI input: colors, fonts, tone, components
• Applying the brief to your prototype
• Figma to code flow basics
• Component libraries that look professional
• Case study: How a startup went from 'looks like an AI demo' to 'looks like a real product' with a 1-page brand brief

● Engineer Handoff
• Prototype vs production-ready: the real differences
• What engineers actually need in a handoff package
• Working link, user flows, success criteria, known limitations, MVP scope
• Role-playing the handoff conversation
• Building your personal handoff checklist
• Case study: How v0 prototypes get handed off to engineering teams at Vercel — the actual checklist they use",,,,
,,,,,Module 15: AI Product Design,"Most AI features fail not because the underlying model is poor, but because the design decisions around it are wrong — wrong placement, wrong level of autonomy, wrong handling of variability. This module gives you the frameworks to make those decisions well, audit existing AI products critically, and identify high-value opportunities that others have missed.","● 3P Framework
• Prioritization: is this the right problem?
• Placement: is it in the right place in the workflow?
• Prominence: is it at the right visibility?
• The 4 AI design patterns: Inputs, Instructions, Outputs, Feedback Loops
• Auditing real AI products
• Case study: Why Notion AI succeeded (right placement) while many AI writing tools failed (wrong prominence)

● Designing Uncertainty
• Non-deterministic UX: AI doesn't always give the same answer
• Designing interfaces that handle variability gracefully
• Human-in-the-loop patterns
• The 4 levels of AI autonomy
• When to use which level
• Case study: How Canva's Magic Write handles non-deterministic outputs — the UX patterns that make it feel reliable

● 4D Method
• Discover friction → Define problem → Design AI solution → Decide priority
• 5-question pain quantification framework
• Building an AI opportunity backlog for your org
• Prioritizing using effort vs impact
• Case study: How a Head of Product at Zerodha ran the 4D method and identified 3 AI opportunities worth ₹2Cr in annual savings",,,,
,,,,,Module 16: Multimodal AI,"Text generation is only one of eight distinct AI capabilities available today, and most professionals use just one or two. This module maps the full landscape — image generation, vision, voice, code, video, structured extraction — and connects each capability to practical use cases in your role. Teams that understand the full menu consistently find opportunities that single-capability users overlook.","● Capability Map
• Deep-dive demos of every major AI capability
• Text generation (LLMs)
• Image generation
• Vision (image analysis)
• Voice STT and TTS
• Code generation
• Structured data extraction
• Mapping each capability to your role
• Case study: How Swiggy's product team mapped AI capabilities to 15 product features — the matrix they used

● Image & Video
• Image generation comparison: Midjourney, DALL-E, Flux, Ideogram
• Video generation: Sora, Veo, Runway, Kling, Pika
• Avatars: HeyGen, Synthesia
• When each tool wins
• Brand-safe workflows for marketing teams
• Producing a complete asset
• Case study: How a marketing team at Mamaearth produces 50+ product creatives per week using Midjourney + Canva AI

● AI Presentations
• AI presentation tools comparison: Gamma, Tome, Beautiful.ai, Pitch
• ChatGPT and Claude slide generation workflows
• From outline → deck in minutes
• Brand-consistent slides with AI
• When AI presentations win vs traditional tools
• Common pitfalls and how to avoid them
• Case study: How a consultant at BCG uses Gamma to produce first-draft client decks in 30 minutes instead of 6 hours",,,,
,,,,,Module 17: AI Product Lifecycle,"AI projects fail at predictable points, and most of those failures are not technical — they are process failures. This module maps the full lifecycle of an AI initiative, from opportunity identification through to iteration, and shows you exactly where the decisions that matter most tend to sit. With a feasibility checklist and a clear build-versus-buy framework, you will be able to evaluate and govern AI projects with confidence.","● Lifecycle Map
• The end-to-end AI product journey
• Opportunity → Feasibility → Build → Launch → Feedback → Iterate
• PM/leader vs engineer decisions at each stage
• Key differences from traditional product development
• Where most AI projects fail
• Case study: How Spotify's AI DJ feature went from idea to 100M+ users — the lifecycle decisions at each stage

● Feasibility Checklist
• The 5 questions before greenlighting any AI project
• Do we have the data?
• Is it clean?
• What capability or model do we need?
• What does success look like specifically?
• What's the failure mode and how do we catch it?
• What's the realistic timeline?
• Case study: How a CTO killed a $300K AI chatbot project at feasibility and saved the company 6 months

● Build Vs Buy
• When to build a custom AI solution vs buy off-the-shelf
• Real trade-offs: cost, speed, customization, data privacy, vendor lock-in
• Model selection: proprietary (OpenAI, Anthropic, Google) vs open source (Llama, Mistral, DeepSeek)
• The fine-tuning trap: why most teams don't need it
• Evaluating AI vendors without technical expertise
• Case study: How a mid-size bank chose between building a custom fraud model vs buying a vendor solution — the decision framework",,,,
,,,,,Module 18: Leading Teams,"The arrival of capable AI tools changes what it means to lead a team. Engineers, product managers, and senior leaders all operate differently in this environment — and the leaders who adapt earliest tend to gain the most. This module helps you redefine your role, run AI-optimised sprint cycles, and communicate progress to stakeholders in a way that builds confidence rather than scepticism.","● Your New Role
• The new operating model: engineers as reviewers, PMs as builders, leaders as directors
• What the leader should be doing at each sprint stage
• Staying useful and respected when others execute with AI
• Avoiding obsolescence
• Case study: How a VP of Engineering at a YC startup restructured their entire team around the 'PM builds, engineer reviews' model

● AI Sprints
• Running standups, reviews and prioritization for AI projects
• 5 weekly check-in questions every AI lead should ask
• Decision frameworks for prioritizing AI features
• Managing the 'almost working' trap
• Sprint cadences for AI vs traditional product
• Case study: How Linear's own team runs AI sprints — the cadence, the review format, the kill criteria

● Stakeholder Communication
• Explaining AI in business language not tech jargon
• Managing expectations: what AI can do by when
• Presenting failures and course corrections confidently
• Role-play with skeptical stakeholders
• Case study: How Klarna's CEO communicated their AI transformation to investors — the framing, the metrics, the pushback",,,,
,,,,,Module 19: Quality & Risk,"Shipping AI without structured quality evaluation is, in practice, shipping blind. This module teaches you to move from informal assessment to systematic evaluation — through eval systems, adversarial testing, and a clear understanding of the regulatory and ethical risks involved. These are skills that separate organisations that deploy AI responsibly from those that learn expensive lessons in public.","● Eval Systems
• Moving from 'vibes' to structured quality
• LLM-as-judge concept in plain English
• Golden datasets: benchmarking against specific user intent
• Automated evaluation suites overview
• LangSmith, Phoenix, Braintrust as awareness tools
• Case study: How Anthropic internally evaluates Claude — simplified for non-engineers

● Red Teaming
• Adversarial testing: deliberately try to break your AI before users do
• The red team playbook: hallucinations, PII leaks, prompt injection, edge cases, offensive outputs
• Live red team session on a peer's prototype
• Documenting findings
• Case study: How Samsung's AI team red-teamed their customer service bot after the ChatGPT data leak scare

● AI Risk
• Bias, privacy, security, over-reliance
• Guardrails: what they are and how to specify them (no coding)
• When NOT to use AI
• AI policy frameworks: EU AI Act overview, India DPDP overview
• Building an AI deployment risk checklist
• Case study: How HDFC Bank's AI governance framework balances innovation with regulatory compliance",,,,
,,,,,Module 20: Agents In Practice,"Agents that can observe, plan, and act across digital environments are the most significant development in applied AI of the past two years. This module gives you hands-on experience with the leading platforms, a clear understanding of the agent loop, and the practical knowledge of where agents excel and where they still require human oversight. It also covers the economics of running agents at scale — something most teams underestimate.","● Computer Use
• Hour 1 (concept): the agent loop in plain English (observe, think, act, check, repeat)
• Why agents fail: loops, hallucination spirals, getting stuck
• State and termination
• Hour 2 (hands-on): Anthropic Computer Use deep dive
• OpenAI Operator hands-on
• Browser Use and Skyvern for browser-specific tasks
• When to use which
• Case study: How an e-commerce company automated competitor price monitoring with browser agents — the first version broke, here's why

● Agent Platforms
• The shift from 'if X then Y' automation to goal-based agents
• Lindy: AI employees deep dive
• Gumloop: visual AI workflows
• Relay.app: agent-native automation with human checkpoints
• Dust: AI assistants for teams
• When each platform wins
• Multi-step autonomous workflow design
• Case study: How a recruiting agency replaced 3 hours of daily candidate screening with a Lindy agent

● Cost & Token Economics
• How AI costs actually work: tokens, context, output length
• Per-model pricing comparison: frontier vs efficient models
• Prompt caching: cutting costs by 70-90%
• Batch APIs: cutting costs by 50%
• Reasoning model costs vs fast model costs
• Building an AI budget for a team or product
• ROI math: cost-per-task vs value-per-task
• Case study: How a startup cut their monthly AI bill from $12K to $3K without losing quality — the exact optimizations",,,,
,,,,,Module 21: Strategy Frameworks,"Good AI strategy is not about chasing the latest models or building the most sophisticated systems — it is about making disciplined decisions about where to invest and why. This module gives you repeatable frameworks for evaluating opportunities, building prioritised roadmaps, and constructing business cases that hold up to scrutiny from leadership, boards, and investors.","● GUCCI Framework
• Goal, Users, Concept, Constraints, Implementation
• A repeatable decision-making model for any AI initiative
• Walking through GUCCI on a live opportunity
• Common GUCCI mistakes
• Case study: How a Head of Product at PhonePe used GUCCI to evaluate 7 AI opportunities and picked the one that shipped

● AI Roadmap
• 4D method at org scale
• Effort vs impact matrix for AI initiatives
• Phased roadmap with milestones
• Communicating the roadmap to a board
• 1-page strategy format
• Case study: How Freshworks presented their AI roadmap to investors — the format, the metrics, the outcome

● Business Case
• Quantifying AI value: time saved, error reduction, revenue impact, CSAT
• Building cases under uncertainty
• Talking about AI costs (models, infrastructure, people) with confidence
• ROI templates
• Case study: How a retail chain justified a ₹2Cr AI investment with a business case that tracked savings weekly",,,,
,,,,,Module 22: Org Transformation,"Most AI rollouts fail — not because the technology does not work, but because culture, habits, and operating models do not change alongside it. This module addresses the human side of transformation: why adoption stalls, how to engineer the conditions for genuine behaviour change, and how to redesign team structures and workflows so that AI creates lasting value rather than a short-lived productivity spike.","● Why Rollouts Fail
• Tool licenses ≠ org transformation
• The 3 bottlenecks: culture, technical readiness, operating model redesign
• Tool adoption vs behavior change
• Change management model for AI
• Diagnosing stalled initiatives
• Case study: How Klarna replaced 700 support agents with AI — the real story behind the headline, the backlash, what they actually measured

● AI-First Culture
• Engineering 'first experiences' that convert skeptics
• Champion networks: top-down + grassroots energy
• Making AI use visible, social and contagious
• Designing a 30-day culture activation plan
• Case study: How Walmart's AI adoption went from 5% to 60% in 6 months — the champion network that made it happen

● Team Redesign
• Role evolution in the agent era
• Engineers as agent reviewers
• PMs as agent designers
• Leaders as agent directors
• Rethinking spec → design → build → ship when prototyping is nearly free
• Redesigning workflows from scratch
• Case study: How a 400-person IT services company redesigned their delivery model — roles that grew, roles that merged, roles that disappeared",,,,
,,,,,Module 23: Hard Leadership,"The ability to lead through transformation depends on more than strategy decks and frameworks. It depends on the conversations you are willing to have — with sceptical boards, anxious teams, and resistant senior leaders. This module gives you scripted, practised approaches for the hardest situations AI transformation creates, and a structured approach to sequencing change in a way that builds momentum rather than resistance.","● Hard Conversations
• Role-play 1: presenting AI strategy to a skeptical board
• Role-play 2: telling a high performer to adapt or be sidelined
• Role-play 3: responding to a team member who thinks AI is hype
• Scripts and frameworks for each
• Peer feedback
• Case study: Real anonymized transcripts of board-level AI discussions — what worked, what bombed

● Change Sequence
• What to invest in first, second, third
• How fast to move (risks of too slow AND too fast)
• Managing resistance at different org levels
• Burning platform vs inspiring vision
• Mapping the change sequence
• Case study: How Tata Digital sequenced their AI transformation — what they did first and why

● Measurement
• Real vs theatrical AI productivity metrics
• Leading vs lagging indicators
• Building a measurement dashboard
• Reporting AI impact to leadership without overpromising
• Case study: The company that reported '50% productivity gains' from AI — what the real number was and how they corrected course",,,,
,,,,,Module 24: Future-Proofing,"The AI landscape is moving fast enough that the decisions you make today about your roadmap, your team, and your product architecture will look very different in eighteen months. This module ensures you are thinking ahead — about products designed for AI agents as users, about the implications of reasoning models for your strategy, and about how to lead engineering teams building systems that did not exist two years ago.","● Designing For Agents
• The Internet of AI Agents concept
• Products designed for AI users not just humans
• Agentic UX patterns
• Impact on your product roadmap
• Case study: How Shopify redesigned their merchant dashboard for both human and AI-agent users

● Leading Agent Engineers
• Bridge class for non-technical leaders managing engineering teams that build agents
• What to ask in standup ('show me one trace where it failed today')
• How to read an agent trace without writing code
• Spotting over-engineering: the 'we need a multi-agent swarm' trap
• The architecture review questions every leader should ask
• How to push back on engineering estimates
• Case study: How a non-technical CPO reviews agent architecture proposals — the 5 questions they always ask

● Reasoning Models
• The shift from instinct models to reasoning models
• OpenAI o3 and o-series deep dive
• Claude with extended thinking
• DeepSeek R1 and open-source reasoning
• Gemini 2.5 Thinking
• When reasoning models win (math, planning, complex analysis) vs lose (speed, cost)
• The strategic implications for your AI roadmap
• Case study: How a quant finance team switched from GPT-4 to o3 for analysis and saw 40% better accuracy at 3x the cost — was it worth it?",,,,
,,,,,Module 25: Career Positioning,"AI fluency is rapidly becoming a prerequisite for senior roles, and the professionals who develop it early and communicate it well are positioning themselves for significant career advantages. This module helps you translate your learning into a compelling professional narrative, build a visible public presence, and develop the infrastructure literacy that earns credibility with both technical and non-technical stakeholders.","● Insider Vocabulary
• Turning your journey into a compelling professional narrative
• AI fluency vocabulary that signals real expertise
• Terms that signal surface knowledge (and what to say instead)
• Case studies from real AI PM interviews at MAANG, OpenAI, Anthropic
• LinkedIn profile framing
• Case study: How a mid-career PM at TCS repositioned as an 'AI Product Lead' and landed a 70% pay bump

● Personal Brand
• Becoming 'the AI person' at your company and publicly
• LinkedIn content strategy for AI professionals
• Internal demos as a brand-building tool
• Writing and community participation
• The 90-day plan to build authority
• Case study: How a marketing lead with zero tech background built a 50K LinkedIn following by sharing their AI learning journey

● Infrastructure Literacy
• Leader-level awareness of AI infrastructure
• Observability: what your AI is actually doing in production
• Guardrails: technical implementation in plain English
• Cost management: how AI usage scales and how to control it
• Security: the right questions to ask your engineering team
• Case study: How a non-technical CEO evaluates their CTO's AI infrastructure proposals — the checklist they use",,,,
,,,,,Module 26: AI for Go-To-Market,"The modern commercial function — sales, support, marketing — has been fundamentally changed by AI. Outbound pipelines that used to require large teams can now be run at scale by small ones. Support queues that consumed headcount can now be largely automated. Content that took weeks to produce can be generated in hours. This module gives you the tools, workflows, and judgment to build AI-powered go-to-market operations from the ground up.","● AI Sales Stack
• Clay: AI-powered prospect enrichment and outbound
• Apollo AI: prospecting, sequencing and conversation intelligence
• Salesforce Agentforce: AI agents inside your CRM
• HubSpot Breeze: AI across the HubSpot stack
• Outreach and Salesloft AI features
• The modern AI-powered sales workflow end-to-end
• Case study: How a B2B SaaS startup tripled their outbound pipeline using Clay + Apollo AI in 4 weeks

● AI Support Stack
• Decagon: AI customer support agents
• Sierra: AI agents for complex support workflows
• Intercom Fin: the leading AI support agent
• Ada: enterprise AI customer service
• When to deploy AI support vs keep humans in the loop
• Measuring AI support quality
• Case study: How Wealthsimple deployed Sierra and resolved 60% of support tickets without humans — the quality metrics that proved it worked

● AI Marketing Stack
• Modern AI content tools: Jasper, Writer, Copy.ai
• Personalization at scale: Mutiny, Optimizely with AI
• AI SEO tools: Surfer SEO, Clearscope, Frase
• AI ad creative: Pencil, AdCreative.ai
• AI brand consistency tools
• Building an AI-powered content engine
• Case study: How a performance marketing agency cut creative production costs by 70% using AI ad tools while improving CTR",,,,
,,,,,Module 27: AI for Operations,"Legal review, financial management, and human resources are three of the most process-intensive functions in any organisation — and three of the areas where AI is creating the most immediate and measurable impact. This module covers the leading specialised tools in each domain, with a practical focus on which workflows to automate, what to keep human, and how to evaluate quality when the stakes are high.","● AI Legal & Contracts
• Harvey: the leader in legal AI
• Spellbook: AI for contract drafting and review
• Ironclad: AI-native contract management
• Hebbia: AI for legal research and due diligence
• Reviewing contracts with general LLMs vs specialized tools
• When to trust AI legal output and when not to
• Case study: How a startup's legal team reviewed 200 vendor contracts in 3 days using Harvey — what it caught and what it missed

● AI Finance Stack
• Ramp AI: AI-powered expense and spend management
• Pilot: AI bookkeeping
• AI-powered FP&A copilots: Mosaic, Cube
• AI for invoice processing and reconciliation
• AI financial modeling assistants
• Cash flow forecasting with AI
• Case study: How Ramp AI saved a 300-person company $400K annually by flagging duplicate charges and negotiating vendor rates

● AI HR & Recruiting
• AI sourcing tools: Gem, hireEZ, LinkedIn Recruiter AI
• AI screening: Paradox, HireVue
• AI interview tools and bias considerations
• AI for onboarding and employee experience
• AI for performance reviews and feedback
• Privacy and fairness in AI HR
• Case study: How Unilever deployed AI screening for graduate hiring — the efficiency gains and the bias controversy",,,,
,,,,,Module 28: Frontier Topics,"Some of the most significant capability shifts in AI are happening at the frontier — in enterprise search, long-context processing, and private local models. This module gives you early exposure to each area, so you can evaluate their relevance to your organisation before they become standard practice. For leaders responsible for AI strategy, understanding what is coming is as important as mastering what is already here.","● Enterprise AI Search
• The enterprise search problem: information scattered across 50+ apps
• Glean: AI search across all your work apps
• Hebbia: AI for unstructured documents
• Perplexity Enterprise
• Microsoft Copilot for enterprise search
• Setting up enterprise AI search securely
• Case study: How Databricks deployed Glean and reduced 'where is that document?' interruptions by 80%

● Long-Context Workflows
• The 1M+ token context revolution
• Gemini 2.5 long-context capabilities
• Claude's long-context strengths
• Use cases: whole codebase analysis, whole book summarization, whole dataset Q&A
• Cost vs benefit of long context vs RAG
• When long context wins and when it doesn't
• Case study: How a legal firm loaded 500 pages of merger docs into Gemini and got answers that previously took paralegals 3 days

● Privacy & Local AI
• Why local AI matters for sensitive work
• Ollama: running LLMs on your laptop
• LM Studio: GUI for local models
• Open-source models: Llama, Mistral, DeepSeek, Qwen
• Apple Intelligence and on-device AI
• When local AI wins vs cloud AI
• Sovereign AI and data residency considerations
• Case study: How a government advisory firm processes classified documents using fully local AI — the setup, the trade-offs",,,,
,,,,,Module 29: Advanced Agents,"Single agents have real limits. When multiple specialised agents collaborate — in sequence, in parallel, with defined handoffs — entirely new categories of automation become possible. This module teaches you to design, monitor, and distribute multi-agent workflows, and to build custom AI assistants that your team or clients can use directly. It is the module where everything earlier in the course comes together.","● Multi-Agent Workflows
• How multiple AI agents work together in sequence and in parallel
• Manager-Worker pattern: one agent directing others
• Designing workflows: who does what, in what order, simultaneously
• Advanced Lindy and Gumloop chains with branching logic
• When multi-agent helps vs when it over-engineers
• Debugging multi-agent failures: which agent broke and why
• Case study: How a media company built a 3-agent content pipeline (research → write → edit) that produces 20 articles/day

● Agent Monitoring
• Watching what your agents actually do in real-time
• Reading agent logs and traces without code
• Catching failures: loops, hallucination chains, stuck states
• Setting up alerts: 'notify me when an agent fails or goes off-track'
• Knowing when to intervene vs when to let the agent retry
• Cost monitoring: tracking agent spend per task
• Case study: How a fintech startup's autonomous onboarding agent went rogue — what the logs showed and how they fixed it

● Custom GPTs & Assistants
• Building custom GPTs that others can use
• OpenAI Assistants: persistent AI tools for teams (no-code setup)
• Claude Projects as distributable team tools
• Configuring instructions, knowledge and tools for each assistant
• Distributing AI tools within your org
• Monetizing custom AI tools: AI-as-a-service for clients
• Case study: How a consultant built 5 custom GPTs for a client and charges a monthly retainer for maintaining them",,,,
,,,,,Module 30: AI Governance & Policy,"Every organisation using AI is, whether they know it or not, making governance decisions by default. This module helps you make those decisions deliberately — with a usage policy that balances adoption and risk, a vendor evaluation framework that protects you from overpromising, and an audit-readiness posture that satisfies regulators in even the most scrutinised industries.","● AI Policy Writing
• Why every org needs an AI usage policy now
• What a good AI policy covers: acceptable use, data handling, model selection, vendor requirements, approval workflows
• Real policy templates from companies that shipped them
• Getting buy-in for AI policy from leadership
• Avoiding the two extremes: too restrictive (kills adoption) vs too loose (creates risk)
• Case study: How JPMorgan's AI policy balances innovation with compliance — the real document structure

● Vendor Governance
• Evaluating AI vendor claims without technical expertise
• SLA frameworks for AI products: uptime, accuracy, latency, cost guarantees
• Data processing agreements: what to insist on
• The 10 questions to ask before signing any AI vendor contract
• Red flags that indicate a vendor is overselling
• Managing multi-vendor AI stacks
• Case study: How an enterprise bought an AI tool that promised 95% accuracy but delivered 60% — the contract gaps that allowed it

● Audit & Compliance
• AI audit readiness: what auditors look for
• Documentation requirements for AI systems
• Explainability for regulated industries (banking, healthcare, insurance)
• SOC2, ISO 27001 and GDPR implications for AI
• Building an AI governance dashboard for leadership
• The Chief AI Officer's quarterly report format
• Case study: How a healthcare company passed an AI audit for their diagnostic assistant — the documentation that made the difference",,,,
,,,,,Module 31: AI for People & Performance,"People management is one of the most time-intensive and emotionally demanding aspects of any leadership role. This module shows you how AI can support — without replacing — the judgment and care that great people management requires. From performance reviews to hiring decisions to meeting facilitation, you will learn to use AI in ways that make your interactions with your team more consistent, more fair, and more effective.","● Feedback & Reviews
• Using AI to prepare for 1:1 meetings: pulling context from notes, Slack, project updates
• AI-assisted performance review writing: turning raw observations into structured, fair feedback
• Drafting career development plans with AI
• Difficult feedback conversations: generating the right language for tough messages
• Calibrating praise vs constructive criticism across a team
• Avoiding AI-generated generic feedback that feels hollow
• Case study: How a Director at Atlassian uses Claude to prep for 12 weekly 1:1s in 30 minutes — the template, the output quality

● Hiring Decisions
• AI-assisted job description writing that attracts the right candidates
• Screening resumes at scale: what AI catches and what it misses
• Building structured interview scorecards with AI
• Evaluating candidate responses consistently across interviewers
• Skills gap analysis for your current team
• The bias trap: when AI screening reinforces existing biases and how to catch it
• Case study: How a 200-person company redesigned their hiring pipeline with AI — halved time-to-hire while improving candidate quality

● Meeting Mastery
• The 3 meeting types and how AI helps each differently: decision meetings, information meetings, brainstorm meetings
• AI-facilitated workshops: using AI as a real-time thought partner during live meetings
• Running structured brainstorms with AI generating and organizing ideas
• AI-powered retrospectives: turning raw team feedback into patterns and action items
• Pre-meeting briefing packs that write themselves
• The 'meetings that should have been an AI workflow' audit
• Case study: How a VP at Razorpay eliminated 4 recurring meetings by replacing them with AI-generated async updates",,,,
,,,,,Module 32: AI for Executive Operations,"Senior leaders operate at a pace and complexity where the standard productivity tools are no longer sufficient. This module is about building an AI-powered operating system for the executive role — one that synthesises information, manages priorities, prepares you for high-stakes conversations, and handles the coordination overhead that consumes disproportionate time at the top of any organisation.","● AI Chief Of Staff
• Building your AI-powered operating system for the week
• Monday planning: AI reviews your calendar, email, Slack and projects to generate your weekly priorities
• Daily briefings: 5-minute AI-generated digest of what matters today
• Decision tracking: logging decisions and outcomes so AI can spot patterns
• Information filtering: training AI to surface signal from noise in your inbox and feeds
• Energy management: identifying which tasks drain you and which ones AI should absorb
• Case study: How a COO at a 500-person company runs their entire week through an AI chief-of-staff workflow — the exact stack and cadence

● Negotiation Prep
• Using AI to research the other side before any negotiation
• BATNA modeling: building your best alternative with AI scenario analysis
• Simulating the conversation: AI plays the counterparty and pushes back
• Drafting proposals, term sheets and counteroffers with AI
• Analyzing deal terms: what's standard, what's aggressive, what's missing
• Post-negotiation: turning agreements into action items and accountability systems
• Case study: How a founder prepared for a Series B term sheet negotiation using Claude — the simulation, the prep doc, the outcome

● Crisis Response
• AI-assisted incident assessment: 'what just happened and how bad is it?'
• Crisis communication drafting: internal team messages, customer emails, public statements, press responses
• Stakeholder mapping during a crisis: who needs to know what, when
• Scenario simulation: 'if this gets worse, what's our playbook?'
• Real-time monitoring: setting up AI alerts for escalation signals
• Post-crisis review: turning the incident into a learning document
• Case study: How a fintech handled a data breach — the AI-assisted communications timeline, what they got right, what they'd change",,,,
,MLOps,2,8,,Intro to MLOPS,Gain a foundational understanding of the MLOPS lifecycle and its importance in building and deploying robust machine learning systems.,"MLOPS principles, ML lifecycle",,,,
,,,,,Git and Github,"Intro to Version control and Git, Github and Gitlab","Git, GitHub, GitLab",,,,
,,,,,Steam lit and optuna,Discover how to build interactive web applications for your ML models using Streamlit and how to automate hyperparameter tuning with Optuna.,"Streamlit, Flask, Optuna",,,,
,,,,,End to end ML project,"Apply your knowledge to build an end-to-end ML project, integrating scikit-learn pipelines, Optuna, and a Streamlit frontend for deployment.","ML lifecycle, scikit-learn pipelines, Optuna",,,,
,,,,,Experiment tracking with ML Flow 1,"Understand the importance of experiment tracking and learn how to use MLflow to log, compare, and manage your machine learning experiments systematically.","ML flow tracking, MLflow projects, ML models, ML flow registry",,,,
,,,,,Experiment tracking with ML Flow 2,,,,,,
,,,,,Containerization - Docker & DockerHub,"Learn how to package your applications into portable containers using Docker, a crucial skill for consistent deployments across different environments.","Docker, Docker Hub, Containerization",,,,
,,,,,Deploying APIs on AWS using ECS,Gain hands-on experience deploying containerized applications at scale on AWS using the Elastic Container Service (ECS).,"AWS ECS, Cloud Deployment",,,,
,,,,,"Deploying on AWS, ci cd pipeline with github actions 1",Master the creation of a complete CI/CD pipeline using GitHub Actions to automate the testing and deployment of your ML application to AWS.,"CI/CD pipelines, GitHub Actions, Automated Deployment",,,,
,,,,,"Deploying on AWS, ci cd pipeline with github actions 2",,,,,,
,,,,,AWS Sagemaker 1,"Use AWS SageMaker Studio to access S3 datasets and perform data analysis, feature engineering with Data Wrangler and Pandas. And finally label new data using SageMaker Ground Truth.","Sagemaker studio, S3, Data wrangler, Sagemaker ground truth",,,,
,,,,,AWS Sagemaker 2,,,,,,
,,,,,Sagemaker canvas and feature store 1,Learn the fundamentals of feature stores and how the AWS SageMaker Feature Store supports both offline and online feature management for ML pipelines.,Amazon SageMaker Feature Store,,,,
,,,,,Sagemaker canvas and feature store 2,"Gain hands-on experience creating feature groups, ingesting data, and retrieving features for both training and real-time inference using the SageMaker Feature Store.",,,,,
,,,,,Model registiry,"Learn how to use SageMaker Model Registry to version, manage, and deploy ML models in a production-ready workflow.","SageMaker Model Registry, Model Versioning",,,,
,,,,,AWS Sagemaker Canvas,"No-Code ML Learn how to perform the entire ML workflow, including data preparation, model building and training, generating predictions, and deploying models, all through a visual interface.",AWS Sagemaker Canvas,,,,
,ML System Design,1,4,,ML System Fundamentals,"Most ML failures are system design failures, not model failures. Understanding how data, models, and infrastructure interact — using real systems like Netflix's recommender — helps you build ML products that actually scale and survive production.","ML vs. Software Design, key components (data, model, infra).
HLD for Netflix-style recommender (content + collaborative filtering).",,,,
,,,,,Design Patterns,"Batch ML is the easy part — the real challenge is making models act on data within milliseconds. Fraud detection with Kafka and Flink teaches you the streaming-first mindset that's now expected in fintech, adtech, and any latency-sensitive ML role.","Data pipelines, model serving, monitoring.
Real-time fraud detection with streaming data (Kafka, Flink).",,,,
,,,,,Scalability & Cost,"Training a model is cheap; running it at scale is expensive. Knowing how to leverage spot instances, quantization, and pruning alongside GPU/parallelism strategies is what separates engineers who build demos from those who ship profitable ML in production.","Horizontal scaling, model parallelism, GPU optimization.
Spot instances, quantization, pruning.",,,,
,,,,,Case Study: Real-Time Vision,"Computer vision at the edge — think autonomous vehicles, surveillance, sports analytics — demands hard tradeoffs between speed and accuracy. Designing around YOLO and FFmpeg forces you to think in constraints, which is exactly how senior ML engineers approach real-world vision problems.","HLD for real-time object detection (YOLO, FFmpeg).
Latency vs. accuracy, batch vs. real-time.",,,,
,LLMOps,1,4,,LLMOps Fundamentals & Data Prep for LLMs,"Operationalizing large language models demands a structured foundation that goes beyond conventional MLOps. A rigorous understanding of data curation, preprocessing pipelines, and lifecycle management is essential for building LLM systems that are reproducible, auditable, and production-ready.","Cost-performance trade-offs
LangChain, LlamaIndex",,,,
,,,,,Fine-Tuning LLMs & Serving LLMs,General-purpose models rarely meet domain-specific performance requirements out of the box. Proficiency in fine-tuning methodologies and scalable serving infrastructure enables practitioners to adapt foundational models efficiently and deploy them with the reliability that enterprise applications demand.,"Hugging Face, PEFT
Continuous batching",,,,
,,,,,LLM Monitoring & LLM Cost Management,"Deploying an LLM is the beginning of an operational commitment, not the end. Systematic monitoring for drift, latency, and output quality — coupled with disciplined cost governance — ensures that LLM-powered systems remain performant, reliable, and economically sustainable at scale.","LangSmith, Weights & Biases
GGML, Hugging Face",,,,
,,,,,Ethics & Governance & End-to-End LLM Project,"Technical capability alone is insufficient for responsible AI deployment. A working knowledge of ethical frameworks, regulatory considerations, and governance practices — applied across a complete end-to-end project — prepares practitioners to deliver LLM solutions that are trustworthy, compliant, and defensible to stakeholders.","Constitutional AI
Pinecone, OpenAI",,,,